{
	"action_manifest_version" : 0,
	"alias_info" : {},
	"bindings" : {
		"/actions/godot" : {
			"haptics" : [
				{
					"output" : "/actions/godot/out/haptic",
					"path" : "/user/hand/left/output/haptic"
				},
				{
					"output" : "/actions/godot/out/haptic",
					"path" : "/user/hand/right/output/haptic"
				}
			],
			"sources" : [
				{
					"inputs" : {
						"click" : {
							"output" : "/actions/godot/in/trigger"
						}
					},
					"mode" : "button",
					"path" : "/user/hand/left/input/trigger"
				},
				{
					"inputs" : {
						"click" : {
							"output" : "/actions/godot/in/trigger"
						}
					},
					"mode" : "button",
					"path" : "/user/hand/right/input/trigger"
				},
				{
					"inputs" : {
						"click" : {
							"output" : "/actions/godot/in/grip"
						}
					},
					"mode" : "button",
					"path" : "/user/hand/right/input/grip"
				},
				{
					"inputs" : {
						"click" : {
							"output" : "/actions/godot/in/grip"
						}
					},
					"mode" : "button",
					"path" : "/user/hand/left/input/grip"
				},
				{
					"inputs" : {
						"position" : {
							"output" : "/actions/godot/in/analog"
						}
					},
					"mode" : "trackpad",
					"path" : "/user/hand/left/input/trackpad"
				},
				{
					"inputs" : {
						"position" : {
							"output" : "/actions/godot/in/analog"
						}
					},
					"mode" : "trackpad",
					"path" : "/user/hand/right/input/trackpad"
				},
				{
					"inputs" : {
						"pull" : {
							"output" : "/actions/godot/in/analog_trigger"
						}
					},
					"mode" : "trigger",
					"path" : "/user/gamepad/input/trigger_right"
				},
				{
					"inputs" : {
						"click" : {
							"output" : "/actions/godot/in/grip"
						}
					},
					"mode" : "button",
					"path" : "/user/gamepad/input/shoulder_right"
				},
				{
					"inputs" : {
						"click" : {
							"output" : "/actions/godot/in/analog_click"
						},
						"position" : {
							"output" : "/actions/godot/in/analog"
						}
					},
					"mode" : "joystick",
					"path" : "/user/gamepad/input/joystick_right"
				}
			]
		}
	},
	"category" : "steamvr_input",
	"controller_type" : "gamepad",
	"description" : "Bindings for the Godot OpenVR plugin for a generic controller",
	"name" : "Godot bindings for Gamepad",
	"options" : {
		"returnBindingsWithRightHand" : true
	},
	"simulated_actions" : []
}
